Year, Month, Monthly_MSL, Linear_Trend, High_Conf., Low_Conf.
1913,1,-0.179,-0.19,-0.181,-0.199
1913,2,-0.111,-0.19,-0.181,-0.199
1913,3,-0.166,-0.19,-0.18,-0.199
1913,4,-0.13,-0.189,-0.18,-0.199
1913,5,-0.151,-0.189,-0.18,-0.198
1913,6,-0.122,-0.189,-0.18,-0.198
1913,7,-0.161,-0.189,-0.18,-0.198
1913,8,-0.117,-0.189,-0.179,-0.198
1913,9,-0.174,-0.188,-0.179,-0.197
1913,10,-0.207,-0.188,-0.179,-0.197
1913,11,-0.217,-0.188,-0.179,-0.197
1913,12,-0.168,-0.188,-0.179,-0.197
1914,1,-0.163,-0.188,-0.178,-0.197
1914,2,-0.19,-0.187,-0.178,-0.196
1914,3,-0.23,-0.187,-0.178,-0.196
1914,4,-0.191,-0.187,-0.178,-0.196
1914,5,-0.087,-0.187,-0.178,-0.196
1914,6,-0.134,-0.186,-0.177,-0.195
1914,7,-0.197,-0.186,-0.177,-0.195
1914,8,-0.114,-0.186,-0.177,-0.195
1914,9,-0.134,-0.186,-0.177,-0.195
1914,10,-0.25,-0.186,-0.177,-0.195
1914,11,-0.211,-0.185,-0.176,-0.194
1914,12,-0.122,-0.185,-0.176,-0.194
1915,1,-0.115,-0.185,-0.176,-0.194
1915,2,-0.114,-0.185,-0.176,-0.194
1915,3,-0.132,-0.185,-0.176,-0.193
1915,4,-0.166,-0.184,-0.176,-0.193
1915,5,-0.208,-0.184,-0.175,-0.193
1915,6,-0.177,-0.184,-0.175,-0.193
1915,7,-0.176,-0.184,-0.175,-0.193
1915,8,-0.184,-0.184,-0.175,-0.192
1915,9,-0.174,-0.183,-0.175,-0.192
1915,10,-0.21,-0.183,-0.174,-0.192
1915,11,-0.19,-0.183,-0.174,-0.192
1915,12,-0.198,-0.183,-0.174,-0.192
1916,1,-0.173,-0.183,-0.174,-0.191
1916,2,-0.129,-0.182,-0.174,-0.191
1916,3,-0.205,-0.182,-0.173,-0.191
1916,4,-0.178,-0.182,-0.173,-0.191
1916,5,-0.132,-0.182,-0.173,-0.19
1916,6,-0.201,-0.181,-0.173,-0.19
1916,7,-0.136,-0.181,-0.173,-0.19
1916,8,-0.163,-0.181,-0.172,-0.19
1916,9,-0.162,-0.181,-0.172,-0.19
1916,10,-0.113,-0.181,-0.172,-0.189
1916,11,-0.129,-0.18,-0.172,-0.189
1916,12,-0.159,-0.18,-0.172,-0.189
1917,1,-0.206,-0.18,-0.171,-0.189
1917,2,-0.169,-0.18,-0.171,-0.188
1917,3,-0.038,-0.18,-0.171,-0.188
1917,4,-0.075,-0.179,-0.171,-0.188
1917,5,-0.138,-0.179,-0.171,-0.188
1917,6,-0.171,-0.179,-0.17,-0.188
1917,7,-0.203,-0.179,-0.17,-0.187
1917,8,-0.239,-0.179,-0.17,-0.187
1917,9,-0.134,-0.178,-0.17,-0.187
1917,10,-0.106,-0.178,-0.17,-0.187
1917,11,-0.074,-0.178,-0.169,-0.186
1917,12,-0.092,-0.178,-0.169,-0.186
1918,1,-0.151,-0.178,-0.169,-0.186
1918,2,-0.214,-0.177,-0.169,-0.186
1918,3,-0.15,-0.177,-0.169,-0.186
1918,4,-0.096,-0.177,-0.168,-0.185
1918,5,-0.138,-0.177,-0.168,-0.185
1918,6,-0.165,-0.176,-0.168,-0.185
1918,7,-0.164,-0.176,-0.168,-0.185
1918,8,-0.172,-0.176,-0.168,-0.185
1918,9,-0.192,-0.176,-0.167,-0.184
1918,10,-0.25,-0.176,-0.167,-0.184
1918,11,-0.177,-0.175,-0.167,-0.184
1918,12,-0.122,-0.175,-0.167,-0.184
1919,1,-0.173,-0.175,-0.167,-0.183
1919,2,-0.196,-0.175,-0.166,-0.183
1919,3,-0.144,-0.175,-0.166,-0.183
1919,4,-0.191,-0.174,-0.166,-0.183
1919,5,-0.19,-0.174,-0.166,-0.183
1919,6,-0.149,-0.174,-0.166,-0.182
1919,7,-0.145,-0.174,-0.165,-0.182
1919,8,-0.175,-0.174,-0.165,-0.182
1919,9,-0.147,-0.173,-0.165,-0.182
1919,10,-0.164,-0.173,-0.165,-0.181
1919,11,-0.15,-0.173,-0.165,-0.181
1919,12,-0.156,-0.173,-0.164,-0.181
1920,1,-0.218,-0.172,-0.164,-0.181
1920,2,-0.144,-0.172,-0.164,-0.181
1920,3,-0.294,-0.172,-0.164,-0.18
1920,4,-0.206,-0.172,-0.164,-0.18
1920,5,-0.19,-0.172,-0.163,-0.18
1920,6,-0.146,-0.171,-0.163,-0.18
1920,7,-0.157,-0.171,-0.163,-0.179
1920,8,-0.193,-0.171,-0.163,-0.179
1920,9,-0.183,-0.171,-0.163,-0.179
1920,10,-0.204,-0.171,-0.162,-0.179
1920,11,-0.193,-0.17,-0.162,-0.179
1920,12,-0.162,-0.17,-0.162,-0.178
1921,1,-0.157,-0.17,-0.162,-0.178
1921,2,-0.157,-0.17,-0.162,-0.178
1921,3,-0.15,-0.17,-0.161,-0.178
1921,4,-0.117,-0.169,-0.161,-0.178
1921,5,-0.132,-0.169,-0.161,-0.177
1921,6,-0.085,-0.169,-0.161,-0.177
1921,7,-0.151,-0.169,-0.161,-0.177
1921,8,-0.175,-0.169,-0.16,-0.177
1921,9,-0.138,-0.168,-0.16,-0.176
1921,10,-0.134,-0.168,-0.16,-0.176
1921,11,-0.214,-0.168,-0.16,-0.176
1921,12,-0.162,-0.168,-0.16,-0.176
1922,1,-0.182,-0.167,-0.159,-0.176
1922,2,-0.117,-0.167,-0.159,-0.175
1922,3,-0.126,-0.167,-0.159,-0.175
1922,4,-0.16,-0.167,-0.159,-0.175
1922,5,-0.154,-0.167,-0.159,-0.175
1922,6,-0.143,-0.166,-0.158,-0.174
1922,7,-0.13,-0.166,-0.158,-0.174
1922,8,-0.151,-0.166,-0.158,-0.174
1922,9,-0.147,-0.166,-0.158,-0.174
1922,10,-0.183,-0.166,-0.158,-0.174
1922,11,-0.208,-0.165,-0.157,-0.173
1922,12,-0.22,-0.165,-0.157,-0.173
1923,1,-0.173,-0.165,-0.157,-0.173
1923,2,-0.172,-0.165,-0.157,-0.173
1923,3,-0.129,-0.165,-0.157,-0.172
1923,4,-0.127,-0.164,-0.156,-0.172
1923,5,-0.105,-0.164,-0.156,-0.172
1923,6,-0.156,-0.164,-0.156,-0.172
1923,7,-0.194,-0.164,-0.156,-0.172
1923,8,-0.236,-0.164,-0.156,-0.171
1923,9,-0.211,-0.163,-0.155,-0.171
1923,10,-0.222,-0.163,-0.155,-0.171
1923,11,-0.223,-0.163,-0.155,-0.171
1923,12,-0.241,-0.163,-0.155,-0.171
1924,1,-0.179,-0.162,-0.155,-0.17
1924,2,-0.144,-0.162,-0.154,-0.17
1924,3,-0.147,-0.162,-0.154,-0.17
1924,4,-0.245,-0.162,-0.154,-0.17
1924,5,-0.227,-0.162,-0.154,-0.169
1924,6,-0.18,-0.161,-0.154,-0.169
1924,7,-0.13,-0.161,-0.153,-0.169
1924,8,-0.126,-0.161,-0.153,-0.169
1924,9,-0.153,-0.161,-0.153,-0.169
1924,10,-0.167,-0.161,-0.153,-0.168
1924,11,-0.171,-0.16,-0.153,-0.168
1924,12,-0.277,-0.16,-0.153,-0.168
1925,1,-0.194,-0.16,-0.152,-0.168
1925,2,-0.132,-0.16,-0.152,-0.167
1925,3,-0.166,-0.16,-0.152,-0.167
1925,4,-0.242,-0.159,-0.152,-0.167
1925,5,-0.154,-0.159,-0.152,-0.167
1925,6,-0.18,-0.159,-0.151,-0.167
1925,7,-0.179,-0.159,-0.151,-0.166
1925,8,-0.145,-0.159,-0.151,-0.166
1925,9,-0.174,-0.158,-0.151,-0.166
1925,10,-0.225,-0.158,-0.151,-0.166
1925,11,-0.132,-0.158,-0.15,-0.165
1926,1,-0.209,-0.157,-0.15,-0.165
1926,2,-0.26,-0.157,-0.15,-0.165
1926,3,-0.251,-0.157,-0.15,-0.165
1926,4,-0.197,-0.157,-0.149,-0.164
1926,5,-0.202,-0.157,-0.149,-0.164
1926,6,-0.186,-0.156,-0.149,-0.164
1926,7,-0.185,-0.156,-0.149,-0.164
1926,8,-0.129,-0.156,-0.149,-0.164
1926,9,-0.138,-0.156,-0.148,-0.163
1926,10,-0.152,-0.156,-0.148,-0.163
1926,11,-0.193,-0.155,-0.148,-0.163
1926,12,-0.186,-0.155,-0.148,-0.163
1927,1,-0.148,-0.155,-0.148,-0.162
1927,2,-0.126,-0.155,-0.147,-0.162
1927,3,-0.126,-0.155,-0.147,-0.162
1927,4,-0.139,-0.154,-0.147,-0.162
1927,5,-0.172,-0.154,-0.147,-0.162
1927,6,-0.158,-0.154,-0.147,-0.161
1927,7,-0.194,-0.154,-0.146,-0.161
1927,8,-0.153,-0.154,-0.146,-0.161
1927,9,-0.22,-0.153,-0.146,-0.161
1927,10,-0.192,-0.153,-0.146,-0.16
1927,11,-0.141,-0.153,-0.146,-0.16
1927,12,-0.125,-0.153,-0.145,-0.16
1928,1,-0.188,-0.152,-0.145,-0.16
1928,2,-0.26,-0.152,-0.145,-0.16
1928,3,-0.199,-0.152,-0.145,-0.159
1928,4,-0.221,-0.152,-0.145,-0.159
1928,5,-0.172,-0.152,-0.144,-0.159
1928,6,-0.152,-0.151,-0.144,-0.159
1928,7,-0.145,-0.151,-0.144,-0.159
1928,8,-0.139,-0.151,-0.144,-0.158
1928,9,-0.165,-0.151,-0.144,-0.158
1928,10,-0.183,-0.151,-0.143,-0.158
1928,11,-0.159,-0.15,-0.143,-0.158
1928,12,-0.116,-0.15,-0.143,-0.157
1929,1,-0.194,-0.15,-0.143,-0.157
1929,2,-0.102,-0.15,-0.143,-0.157
1929,3,-0.159,-0.15,-0.142,-0.157
1929,4,-0.12,-0.149,-0.142,-0.157
1929,5,-0.16,-0.149,-0.142,-0.156
1929,6,-0.149,-0.149,-0.142,-0.156
1929,7,-0.103,-0.149,-0.142,-0.156
1929,8,-0.153,-0.149,-0.141,-0.156
1929,9,-0.177,-0.148,-0.141,-0.155
1929,10,-0.262,-0.148,-0.141,-0.155
1929,11,-0.22,-0.148,-0.141,-0.155
1929,12,-0.152,-0.148,-0.141,-0.155
1930,1,-0.093,-0.147,-0.14,-0.155
1930,2,-0.083,-0.147,-0.14,-0.154
1930,3,-0.129,-0.147,-0.14,-0.154
1930,4,-0.13,-0.147,-0.14,-0.154
1930,5,-0.147,-0.147,-0.14,-0.154
1930,6,-0.167,-0.146,-0.139,-0.154
1930,7,-0.164,-0.146,-0.139,-0.153
1930,8,-0.126,-0.146,-0.139,-0.153
1930,9,-0.214,-0.146,-0.139,-0.153
1930,10,-0.182,-0.146,-0.139,-0.153
1930,11,-0.214,-0.145,-0.138,-0.152
1930,12,-0.189,-0.145,-0.138,-0.152
1931,1,-0.23,-0.145,-0.138,-0.152
1931,2,-0.178,-0.145,-0.138,-0.152
1931,3,-0.126,-0.145,-0.138,-0.152
1931,4,-0.151,-0.144,-0.137,-0.151
1931,5,-0.264,-0.144,-0.137,-0.151
1931,6,-0.213,-0.144,-0.137,-0.151
1931,7,-0.194,-0.144,-0.137,-0.151
1931,8,-0.23,-0.144,-0.137,-0.15
1931,9,-0.201,-0.143,-0.136,-0.15
1931,10,-0.24,-0.143,-0.136,-0.15
1931,11,-0.192,-0.143,-0.136,-0.15
1931,12,-0.155,-0.143,-0.136,-0.15
1932,1,-0.13,-0.142,-0.136,-0.149
1932,2,-0.156,-0.142,-0.135,-0.149
1932,3,-0.171,-0.142,-0.135,-0.149
1932,4,-0.163,-0.142,-0.135,-0.149
1932,5,-0.16,-0.142,-0.135,-0.148
1932,6,-0.164,-0.141,-0.135,-0.148
1932,7,-0.155,-0.141,-0.134,-0.148
1932,8,-0.144,-0.141,-0.134,-0.148
1932,9,-0.153,-0.141,-0.134,-0.148
1932,10,-0.207,-0.141,-0.134,-0.147
1932,11,-0.141,-0.14,-0.134,-0.147
1932,12,-0.061,-0.14,-0.133,-0.147
1933,1,-0.114,-0.14,-0.133,-0.147
1933,2,-0.135,-0.14,-0.133,-0.147
1933,3,-0.178,-0.14,-0.133,-0.146
1933,4,-0.105,-0.139,-0.133,-0.146
1933,5,-0.105,-0.139,-0.132,-0.146
1933,6,-0.085,-0.139,-0.132,-0.146
1933,7,-0.121,-0.139,-0.132,-0.145
1933,8,-0.098,-0.139,-0.132,-0.145
1933,9,-0.122,-0.138,-0.132,-0.145
1933,10,-0.067,-0.138,-0.131,-0.145
1933,11,-0.113,-0.138,-0.131,-0.145
1933,12,-0.186,-0.138,-0.131,-0.144
1934,1,-0.148,-0.137,-0.131,-0.144
1934,2,-0.199,-0.137,-0.131,-0.144
1934,3,-0.178,-0.137,-0.13,-0.144
1934,4,-0.151,-0.137,-0.13,-0.143
1934,5,-0.196,-0.137,-0.13,-0.143
1934,6,-0.171,-0.136,-0.13,-0.143
1934,7,-0.179,-0.136,-0.13,-0.143
1934,8,-0.196,-0.136,-0.129,-0.143
1934,9,-0.147,-0.136,-0.129,-0.142
1934,10,-0.146,-0.136,-0.129,-0.142
1934,11,-0.165,-0.135,-0.129,-0.142
1934,12,-0.119,-0.135,-0.129,-0.142
1935,1,-0.075,-0.135,-0.128,-0.142
1935,2,-0.144,-0.135,-0.128,-0.141
1935,3,-0.126,-0.135,-0.128,-0.141
1935,4,-0.096,-0.134,-0.128,-0.141
1935,5,-0.172,-0.134,-0.128,-0.141
1935,6,-0.158,-0.134,-0.127,-0.14
1935,7,-0.139,-0.134,-0.127,-0.14
1935,8,-0.126,-0.134,-0.127,-0.14
1935,9,-0.202,-0.133,-0.127,-0.14
1935,10,-0.103,-0.133,-0.127,-0.14
1935,11,-0.11,-0.133,-0.126,-0.139
1935,12,-0.14,-0.133,-0.126,-0.139
1936,1,-0.124,-0.132,-0.126,-0.139
1936,2,-0.089,-0.132,-0.126,-0.139
1936,3,-0.153,-0.132,-0.126,-0.138
1936,4,-0.166,-0.132,-0.125,-0.138
1936,5,-0.056,-0.132,-0.125,-0.138
1936,6,-0.055,-0.131,-0.125,-0.138
1936,7,-0.103,-0.131,-0.125,-0.138
1936,8,-0.135,-0.131,-0.125,-0.137
1936,9,-0.116,-0.131,-0.124,-0.137
1936,10,-0.094,-0.131,-0.124,-0.137
1936,11,-0.123,-0.13,-0.124,-0.137
1936,12,-0.052,-0.13,-0.124,-0.137
1937,1,-0.063,-0.13,-0.124,-0.136
1937,2,-0.001,-0.13,-0.123,-0.136
1937,3,-0.123,-0.13,-0.123,-0.136
1937,4,-0.099,-0.129,-0.123,-0.136
1937,5,-0.053,-0.129,-0.123,-0.135
1937,6,-0.137,-0.129,-0.123,-0.135
1937,7,-0.075,-0.129,-0.122,-0.135
1937,8,-0.059,-0.129,-0.122,-0.135
1937,9,-0.098,-0.128,-0.122,-0.135
1937,10,-0.094,-0.128,-0.122,-0.134
1937,11,-0.126,-0.128,-0.122,-0.134
1937,12,-0.122,-0.128,-0.121,-0.134
1938,1,-0.124,-0.127,-0.121,-0.134
1938,2,-0.114,-0.127,-0.121,-0.134
1938,3,-0.144,-0.127,-0.121,-0.133
1938,4,-0.117,-0.127,-0.121,-0.133
1938,5,-0.12,-0.127,-0.12,-0.133
1938,6,-0.128,-0.126,-0.12,-0.133
1938,7,-0.157,-0.126,-0.12,-0.132
1938,8,-0.111,-0.126,-0.12,-0.132
1938,9,-0.174,-0.126,-0.12,-0.132
1938,10,-0.146,-0.126,-0.119,-0.132
1938,11,-0.089,-0.125,-0.119,-0.132
1938,12,-0.116,-0.125,-0.119,-0.131
1939,1,-0.118,-0.125,-0.119,-0.131
1939,2,-0.114,-0.125,-0.119,-0.131
1939,3,-0.114,-0.125,-0.118,-0.131
1939,4,-0.124,-0.124,-0.118,-0.13
1939,5,-0.117,-0.124,-0.118,-0.13
1939,6,-0.131,-0.124,-0.118,-0.13
1939,7,-0.133,-0.124,-0.118,-0.13
1939,8,-0.123,-0.124,-0.117,-0.13
1939,9,-0.134,-0.123,-0.117,-0.129
1939,10,-0.076,-0.123,-0.117,-0.129
1939,11,-0.098,-0.123,-0.117,-0.129
1939,12,-0.137,-0.123,-0.117,-0.129
1940,1,-0.169,-0.122,-0.116,-0.129
1940,2,-0.172,-0.122,-0.116,-0.128
1940,3,-0.166,-0.122,-0.116,-0.128
1940,4,-0.197,-0.122,-0.116,-0.128
1940,5,-0.151,-0.122,-0.116,-0.128
1940,6,-0.162,-0.121,-0.115,-0.127
1940,7,-0.145,-0.121,-0.115,-0.127
1940,8,-0.093,-0.121,-0.115,-0.127
1940,9,-0.104,-0.121,-0.115,-0.127
1940,10,-0.11,-0.121,-0.115,-0.127
1940,11,-0.19,-0.12,-0.114,-0.126
1940,12,-0.122,-0.12,-0.114,-0.126
1941,1,-0.072,-0.12,-0.114,-0.126
1941,2,-0.068,-0.12,-0.114,-0.126
1941,3,-0.169,-0.12,-0.114,-0.125
1941,4,-0.12,-0.119,-0.113,-0.125
1941,5,-0.114,-0.119,-0.113,-0.125
1941,6,-0.165,-0.119,-0.113,-0.125
1941,7,-0.179,-0.119,-0.113,-0.125
1941,8,-0.172,-0.119,-0.113,-0.124
1941,9,-0.107,-0.118,-0.112,-0.124
1941,10,-0.198,-0.118,-0.112,-0.124
1941,11,-0.144,-0.118,-0.112,-0.124
1941,12,-0.116,-0.118,-0.112,-0.124
1942,1,-0.112,-0.117,-0.112,-0.123
1942,2,-0.086,-0.117,-0.111,-0.123
1942,3,-0.135,-0.117,-0.111,-0.123
1942,4,-0.081,-0.117,-0.111,-0.123
1942,5,-0.111,-0.117,-0.111,-0.122
1942,6,-0.076,-0.116,-0.111,-0.122
1942,7,-0.057,-0.116,-0.11,-0.122
1942,8,-0.111,-0.116,-0.11,-0.122
1942,9,-0.098,-0.116,-0.11,-0.122
1942,10,-0.049,-0.116,-0.11,-0.121
1942,11,-0.04,-0.115,-0.11,-0.121
1942,12,-0.122,-0.115,-0.109,-0.121
1943,1,-0.133,-0.115,-0.109,-0.121
1943,2,-0.12,-0.115,-0.109,-0.121
1943,3,-0.053,-0.115,-0.109,-0.12
1943,4,-0.053,-0.114,-0.109,-0.12
1943,5,-0.083,-0.114,-0.108,-0.12
1943,6,-0.082,-0.114,-0.108,-0.12
1943,7,-0.151,-0.114,-0.108,-0.119
1943,8,-0.108,-0.114,-0.108,-0.119
1943,9,-0.04,-0.113,-0.108,-0.119
1943,10,-0.049,-0.113,-0.107,-0.119
1943,11,-0.138,-0.113,-0.107,-0.119
1943,12,-0.116,-0.113,-0.107,-0.118
1944,1,-0.124,-0.112,-0.107,-0.118
1944,2,-0.132,-0.112,-0.107,-0.118
1944,3,-0.086,-0.112,-0.106,-0.118
1944,4,-0.087,-0.112,-0.106,-0.118
1944,5,-0.093,-0.112,-0.106,-0.117
1944,6,-0.073,-0.111,-0.106,-0.117
1944,7,-0.084,-0.111,-0.106,-0.117
1944,8,-0.102,-0.111,-0.105,-0.117
1944,9,-0.089,-0.111,-0.105,-0.116
1944,10,-0.055,-0.111,-0.105,-0.116
1944,11,-0.077,-0.11,-0.105,-0.116
1944,12,-0.149,-0.11,-0.105,-0.116
1945,1,-0.118,-0.11,-0.104,-0.116
1945,2,-0.193,-0.11,-0.104,-0.115
1945,3,-0.147,-0.11,-0.104,-0.115
1945,4,-0.078,-0.109,-0.104,-0.115
1945,5,-0.087,-0.109,-0.104,-0.115
1945,6,-0.079,-0.109,-0.103,-0.114
1945,7,-0.09,-0.109,-0.103,-0.114
1945,8,-0.084,-0.108,-0.103,-0.114
1945,9,-0.116,-0.108,-0.103,-0.114
1945,10,-0.134,-0.108,-0.103,-0.114
1945,11,-0.168,-0.108,-0.102,-0.113
1945,12,-0.137,-0.108,-0.102,-0.113
1946,1,-0.139,-0.107,-0.102,-0.113
1946,2,-0.111,-0.107,-0.102,-0.113
1946,3,-0.102,-0.107,-0.102,-0.113
1946,4,-0.069,-0.107,-0.101,-0.112
1946,5,-0.129,-0.107,-0.101,-0.112
1946,6,-0.131,-0.106,-0.101,-0.112
1946,7,-0.097,-0.106,-0.101,-0.112
1946,8,-0.062,-0.106,-0.101,-0.111
1946,9,-0.052,-0.106,-0.1,-0.111
1946,10,-0.052,-0.106,-0.1,-0.111
1946,11,-0.019,-0.105,-0.1,-0.111
1946,12,0.058,-0.105,-0.1,-0.111
1947,1,-0.035,-0.105,-0.1,-0.11
1947,2,-0.035,-0.105,-0.099,-0.11
1947,3,-0.077,-0.105,-0.099,-0.11
1947,4,-0.105,-0.104,-0.099,-0.11
1947,5,-0.032,-0.104,-0.099,-0.11
1947,6,0.003,-0.104,-0.099,-0.109
1947,7,-0.081,-0.104,-0.098,-0.109
1947,8,-0.117,-0.103,-0.098,-0.109
1947,9,-0.104,-0.103,-0.098,-0.109
1947,10,-0.045,-0.103,-0.098,-0.108
1947,11,0.045,-0.103,-0.097,-0.108
1947,12,0.043,-0.103,-0.097,-0.108
1948,1,-0.026,-0.102,-0.097,-0.108
1948,2,-0.013,-0.102,-0.097,-0.108
1948,3,0.02,-0.102,-0.097,-0.107
1948,4,-0.005,-0.102,-0.096,-0.107
1948,5,-0.001,-0.102,-0.096,-0.107
1948,6,-0.021,-0.101,-0.096,-0.107
1948,7,0.004,-0.101,-0.096,-0.107
1948,8,-0.05,-0.101,-0.096,-0.106
1948,9,-0.031,-0.101,-0.095,-0.106
1948,10,-0.006,-0.101,-0.095,-0.106
1948,11,-0.059,-0.1,-0.095,-0.106
1948,12,-0.049,-0.1,-0.095,-0.105
1949,1,-0.096,-0.1,-0.095,-0.105
1949,2,-0.105,-0.1,-0.094,-0.105
1949,3,-0.095,-0.1,-0.094,-0.105
1949,4,-0.102,-0.099,-0.094,-0.105
1949,5,-0.08,-0.099,-0.094,-0.104
1949,6,-0.098,-0.099,-0.094,-0.104
1949,7,-0.036,-0.099,-0.093,-0.104
1949,8,-0.084,-0.098,-0.093,-0.104
1949,9,-0.08,-0.098,-0.093,-0.104
1949,10,-0.012,-0.098,-0.093,-0.103
1949,11,-0.129,-0.098,-0.093,-0.103
1949,12,-0.107,-0.098,-0.092,-0.103
1950,1,-0.048,-0.097,-0.092,-0.103
1950,2,-0.05,-0.097,-0.092,-0.102
1950,3,-0.083,-0.097,-0.092,-0.102
1950,4,-0.035,-0.097,-0.092,-0.102
1950,5,-0.108,-0.097,-0.091,-0.102
1950,6,-0.146,-0.096,-0.091,-0.102
1950,7,-0.121,-0.096,-0.091,-0.101
1950,8,-0.05,-0.096,-0.091,-0.101
1950,9,-0.077,-0.096,-0.091,-0.101
1950,10,-0.088,-0.096,-0.09,-0.101
1950,11,-0.153,-0.095,-0.09,-0.101
1950,12,-0.125,-0.095,-0.09,-0.1
1951,1,-0.115,-0.095,-0.09,-0.1
1951,2,-0.105,-0.095,-0.09,-0.1
1951,3,-0.098,-0.095,-0.089,-0.1
1951,4,-0.075,-0.094,-0.089,-0.099
1951,5,-0.117,-0.094,-0.089,-0.099
1951,6,-0.116,-0.094,-0.089,-0.099
1951,7,-0.1,-0.094,-0.089,-0.099
1951,8,-0.102,-0.093,-0.088,-0.099
1951,9,-0.122,-0.093,-0.088,-0.098
1951,10,-0.058,-0.093,-0.088,-0.098
1951,11,-0.098,-0.093,-0.088,-0.098
1951,12,-0.095,-0.093,-0.088,-0.098
1952,1,-0.09,-0.092,-0.087,-0.098
1952,2,-0.071,-0.092,-0.087,-0.097
1952,3,-0.05,-0.092,-0.087,-0.097
1952,4,-0.105,-0.092,-0.087,-0.097
1952,5,-0.053,-0.092,-0.087,-0.097
1952,6,-0.107,-0.091,-0.086,-0.096
1952,7,-0.075,-0.091,-0.086,-0.096
1952,8,-0.087,-0.091,-0.086,-0.096
1952,9,-0.064,-0.091,-0.086,-0.096
1952,10,-0.094,-0.091,-0.086,-0.096
1952,11,-0.126,-0.09,-0.085,-0.095
1952,12,-0.037,-0.09,-0.085,-0.095
1953,9,-0.074,-0.088,-0.083,-0.093
1953,10,-0.076,-0.088,-0.083,-0.093
1953,11,-0.089,-0.088,-0.083,-0.093
1953,12,-0.098,-0.088,-0.083,-0.093
1954,1,-0.096,-0.087,-0.082,-0.092
1954,2,-0.077,-0.087,-0.082,-0.092
1954,3,-0.098,-0.087,-0.082,-0.092
1954,4,-0.053,-0.087,-0.082,-0.092
1954,5,-0.019,-0.087,-0.082,-0.092
1954,6,-0.061,-0.086,-0.081,-0.091
1954,7,-0.097,-0.086,-0.081,-0.091
1954,8,-0.139,-0.086,-0.081,-0.091
1954,9,-0.07,-0.086,-0.081,-0.091
1954,10,-0.128,-0.086,-0.081,-0.09
1954,11,-0.104,-0.085,-0.08,-0.09
1954,12,-0.146,-0.085,-0.08,-0.09
1955,1,-0.06,-0.085,-0.08,-0.09
1955,2,-0.05,-0.085,-0.08,-0.09
1955,3,-0.132,-0.085,-0.08,-0.089
1955,4,-0.13,-0.084,-0.079,-0.089
1955,5,-0.056,-0.084,-0.079,-0.089
1955,6,-0.055,-0.084,-0.079,-0.089
1955,7,-0.042,-0.084,-0.079,-0.089
1955,8,-0.059,-0.083,-0.079,-0.088
1955,9,-0.052,-0.083,-0.078,-0.088
1955,10,-0.079,-0.083,-0.078,-0.088
1955,11,-0.165,-0.083,-0.078,-0.088
1955,12,-0.162,-0.083,-0.078,-0.088
1956,1,-0.075,-0.082,-0.078,-0.087
1956,2,-0.096,-0.082,-0.077,-0.087
1956,3,-0.102,-0.082,-0.077,-0.087
1956,4,-0.099,-0.082,-0.077,-0.087
1956,5,-0.09,-0.082,-0.077,-0.086
1956,6,-0.049,-0.081,-0.077,-0.086
1956,7,-0.097,-0.081,-0.076,-0.086
1956,8,-0.078,-0.081,-0.076,-0.086
1956,9,-0.089,-0.081,-0.076,-0.086
1956,10,-0.082,-0.081,-0.076,-0.085
1956,11,-0.043,-0.08,-0.076,-0.085
1956,12,-0.177,-0.08,-0.075,-0.085
1957,1,-0.176,-0.08,-0.075,-0.085
1957,2,-0.056,-0.08,-0.075,-0.085
1957,3,-0.071,-0.08,-0.075,-0.084
1957,4,-0.087,-0.079,-0.075,-0.084
1957,5,-0.029,-0.079,-0.074,-0.084
1957,6,-0.067,-0.079,-0.074,-0.084
1957,7,-0.042,-0.079,-0.074,-0.083
1957,8,-0.014,-0.078,-0.074,-0.083
1957,9,-0.092,-0.078,-0.073,-0.083
1957,10,-0.012,-0.078,-0.073,-0.083
1957,11,-0.052,-0.078,-0.073,-0.083
1957,12,-0.085,-0.078,-0.073,-0.082
1958,1,-0.048,-0.077,-0.073,-0.082
1958,2,-0.181,-0.077,-0.072,-0.082
1958,3,-0.092,-0.077,-0.072,-0.082
1958,4,-0.102,-0.077,-0.072,-0.082
1958,5,-0.117,-0.077,-0.072,-0.081
1958,6,-0.052,-0.076,-0.072,-0.081
1958,7,-0.09,-0.076,-0.071,-0.081
1958,8,-0.108,-0.076,-0.071,-0.081
1958,9,-0.049,-0.076,-0.071,-0.081
1958,10,0.006,-0.076,-0.071,-0.08
1958,11,-0.08,-0.075,-0.071,-0.08
1958,12,-0.049,-0.075,-0.07,-0.08
1959,1,-0.057,-0.075,-0.07,-0.08
1959,2,-0.108,-0.075,-0.07,-0.079
1959,3,-0.092,-0.075,-0.07,-0.079
1959,4,-0.087,-0.074,-0.07,-0.079
1959,5,-0.05,-0.074,-0.069,-0.079
1959,6,-0.04,-0.074,-0.069,-0.079
1959,7,-0.069,-0.074,-0.069,-0.078
1959,8,-0.111,-0.073,-0.069,-0.078
1959,9,-0.116,-0.073,-0.069,-0.078
1959,10,-0.091,-0.073,-0.068,-0.078
1959,11,-0.037,-0.073,-0.068,-0.078
1959,12,-0.04,-0.073,-0.068,-0.077
1960,1,-0.023,-0.072,-0.068,-0.077
1960,2,-0.059,-0.072,-0.068,-0.077
1960,3,-0.089,-0.072,-0.067,-0.077
1960,4,-0.078,-0.072,-0.067,-0.076
1960,5,-0.071,-0.072,-0.067,-0.076
1960,6,-0.012,-0.071,-0.067,-0.076
1960,7,-0.014,-0.071,-0.067,-0.076
1960,8,-0.038,-0.071,-0.066,-0.076
1960,9,-0.086,-0.071,-0.066,-0.075
1960,10,-0.064,-0.071,-0.066,-0.075
1960,11,-0.086,-0.07,-0.066,-0.075
1960,12,-0.07,-0.07,-0.065,-0.075
1961,1,-0.121,-0.07,-0.065,-0.075
1961,2,-0.041,-0.07,-0.065,-0.074
1961,3,0.02,-0.07,-0.065,-0.074
1961,4,-0.029,-0.069,-0.065,-0.074
1961,5,-0.074,-0.069,-0.064,-0.074
1961,6,-0.082,-0.069,-0.064,-0.074
1961,7,-0.087,-0.069,-0.064,-0.073
1961,8,-0.123,-0.068,-0.064,-0.073
1961,9,-0.15,-0.068,-0.064,-0.073
1961,10,-0.064,-0.068,-0.063,-0.073
1961,11,-0.034,-0.068,-0.063,-0.072
1961,12,-0.058,-0.068,-0.063,-0.072
1962,1,-0.109,-0.067,-0.063,-0.072
1962,2,-0.077,-0.067,-0.063,-0.072
1962,3,0.057,-0.067,-0.062,-0.072
1962,4,-0.117,-0.067,-0.062,-0.071
1962,5,-0.038,-0.067,-0.062,-0.071
1962,6,-0.058,-0.066,-0.062,-0.071
1962,7,-0.045,-0.066,-0.062,-0.071
1962,8,-0.026,-0.066,-0.061,-0.071
1962,9,-0.058,-0.066,-0.061,-0.07
1962,10,-0.079,-0.066,-0.061,-0.07
1962,11,-0.089,-0.065,-0.061,-0.07
1962,12,-0.04,-0.065,-0.061,-0.07
1963,1,-0.041,-0.065,-0.06,-0.07
1963,2,-0.123,-0.065,-0.06,-0.069
1963,3,-0.126,-0.065,-0.06,-0.069
1963,4,-0.12,-0.064,-0.06,-0.069
1963,5,-0.087,-0.064,-0.059,-0.069
1963,6,-0.152,-0.064,-0.059,-0.069
1963,7,-0.057,-0.064,-0.059,-0.068
1963,8,-0.096,-0.063,-0.059,-0.068
1963,9,-0.04,-0.063,-0.059,-0.068
1963,10,-0.03,-0.063,-0.058,-0.068
1963,11,-0.077,-0.063,-0.058,-0.067
1963,12,-0.152,-0.063,-0.058,-0.067
1964,1,-0.176,-0.062,-0.058,-0.067
1964,2,-0.184,-0.062,-0.058,-0.067
1964,3,-0.15,-0.062,-0.057,-0.067
1964,4,-0.139,-0.062,-0.057,-0.066
1964,5,-0.077,-0.062,-0.057,-0.066
1964,6,-0.104,-0.061,-0.057,-0.066
1964,7,-0.142,-0.061,-0.057,-0.066
1964,8,-0.135,-0.061,-0.056,-0.066
1964,9,-0.119,-0.061,-0.056,-0.065
1964,10,-0.161,-0.061,-0.056,-0.065
1964,11,-0.129,-0.06,-0.056,-0.065
1964,12,-0.122,-0.06,-0.056,-0.065
1965,1,-0.075,-0.06,-0.055,-0.065
1965,2,-0.062,-0.06,-0.055,-0.064
1965,3,-0.132,-0.06,-0.055,-0.064
1965,4,-0.087,-0.059,-0.055,-0.064
1965,5,-0.111,-0.059,-0.055,-0.064
1965,6,-0.119,-0.059,-0.054,-0.063
1965,7,-0.109,-0.059,-0.054,-0.063
1965,8,-0.075,-0.058,-0.054,-0.063
1965,9,-0.049,-0.058,-0.054,-0.063
1965,10,-0.192,-0.058,-0.053,-0.063
1965,11,-0.056,-0.058,-0.053,-0.062
1965,12,-0.07,-0.058,-0.053,-0.062
1966,1,0.016,-0.057,-0.053,-0.062
1966,2,-0.05,-0.057,-0.053,-0.062
1966,3,-0.059,-0.057,-0.052,-0.062
1966,4,-0.053,-0.057,-0.052,-0.061
1966,5,-0.044,-0.057,-0.052,-0.061
1966,6,-0.101,-0.056,-0.052,-0.061
1966,7,-0.057,-0.056,-0.052,-0.061
1966,8,-0.087,-0.056,-0.051,-0.061
1966,9,-0.101,-0.056,-0.051,-0.06
1966,10,-0.131,-0.056,-0.051,-0.06
1966,11,-0.077,-0.055,-0.051,-0.06
1966,12,-0.067,-0.055,-0.051,-0.06
1967,1,-0.072,-0.055,-0.05,-0.06
1967,2,-0.102,-0.055,-0.05,-0.059
1967,3,-0.077,-0.055,-0.05,-0.059
1967,4,-0.035,-0.054,-0.05,-0.059
1967,5,-0.099,-0.054,-0.05,-0.059
1967,6,-0.006,-0.054,-0.049,-0.058
1967,7,-0.045,-0.054,-0.049,-0.058
1967,8,-0.041,-0.053,-0.049,-0.058
1967,9,-0.098,-0.053,-0.049,-0.058
1967,10,-0.097,-0.053,-0.048,-0.058
1967,11,-0.083,-0.053,-0.048,-0.057
1967,12,-0.024,-0.053,-0.048,-0.057
1968,1,-0.054,-0.052,-0.048,-0.057
1968,2,-0.035,-0.052,-0.048,-0.057
1968,3,-0.068,-0.052,-0.047,-0.057
1968,4,-0.066,-0.052,-0.047,-0.056
1968,5,-0.132,-0.052,-0.047,-0.056
1968,6,-0.149,-0.051,-0.047,-0.056
1968,7,-0.093,-0.051,-0.047,-0.056
1968,8,-0.102,-0.051,-0.046,-0.056
1968,9,-0.104,-0.051,-0.046,-0.055
1968,10,-0.131,-0.051,-0.046,-0.055
1968,11,-0.156,-0.05,-0.046,-0.055
1968,12,-0.116,-0.05,-0.046,-0.055
1969,1,-0.041,-0.05,-0.045,-0.055
1969,2,-0.062,-0.05,-0.045,-0.054
1969,3,-0.077,-0.05,-0.045,-0.054
1969,4,-0.096,-0.049,-0.045,-0.054
1969,5,-0.117,-0.049,-0.044,-0.054
1969,6,-0.092,-0.049,-0.044,-0.053
1969,7,-0.078,-0.049,-0.044,-0.053
1969,8,-0.044,-0.048,-0.044,-0.053
1969,9,-0.116,-0.048,-0.044,-0.053
1969,10,-0.07,-0.048,-0.043,-0.053
1969,11,-0.068,-0.048,-0.043,-0.052
1969,12,-0.031,-0.048,-0.043,-0.052
1970,1,-0.105,-0.047,-0.043,-0.052
1970,2,-0.123,-0.047,-0.043,-0.052
1970,3,-0.086,-0.047,-0.042,-0.052
1970,4,-0.111,-0.047,-0.042,-0.051
1970,5,-0.068,-0.047,-0.042,-0.051
1970,6,-0.064,-0.046,-0.042,-0.051
1970,7,-0.106,-0.046,-0.042,-0.051
1970,8,0.018,-0.046,-0.041,-0.051
1970,9,-0.07,-0.046,-0.041,-0.05
1970,10,-0.045,-0.046,-0.041,-0.05
1970,11,-0.068,-0.045,-0.041,-0.05
1970,12,-0.061,-0.045,-0.041,-0.05
1971,1,-0.09,-0.045,-0.04,-0.05
1971,2,-0.016,-0.045,-0.04,-0.049
1971,3,-0.056,-0.045,-0.04,-0.049
1971,4,-0.111,-0.044,-0.04,-0.049
1971,5,-0.154,-0.044,-0.039,-0.049
1971,6,-0.125,-0.044,-0.039,-0.049
1971,7,-0.057,-0.044,-0.039,-0.048
1971,8,-0.093,-0.043,-0.039,-0.048
1971,9,-0.116,-0.043,-0.039,-0.048
1971,10,-0.045,-0.043,-0.038,-0.048
1971,11,0.048,-0.043,-0.038,-0.047
1971,12,0.006,-0.043,-0.038,-0.047
1972,1,0.035,-0.042,-0.038,-0.047
1972,2,-0.013,-0.042,-0.038,-0.047
1972,3,-0.022,-0.042,-0.037,-0.047
1972,4,-0.05,-0.042,-0.037,-0.046
1972,5,0.008,-0.042,-0.037,-0.046
1972,6,-0.003,-0.041,-0.037,-0.046
1972,7,-0.06,-0.041,-0.037,-0.046
1972,8,-0.09,-0.041,-0.036,-0.046
1972,9,-0.04,-0.041,-0.036,-0.045
1972,10,-0.061,-0.041,-0.036,-0.045
1972,11,-0.062,-0.04,-0.036,-0.045
1972,12,-0.034,-0.04,-0.035,-0.045
1973,1,0.068,-0.04,-0.035,-0.045
1973,2,0.06,-0.04,-0.035,-0.044
1973,3,0.084,-0.039,-0.035,-0.044
1973,4,0.044,-0.039,-0.035,-0.044
1973,5,-0.044,-0.039,-0.034,-0.044
1973,6,-0.092,-0.039,-0.034,-0.044
1973,7,-0.026,-0.039,-0.034,-0.043
1973,8,0.024,-0.038,-0.034,-0.043
1973,9,-0.031,-0.038,-0.034,-0.043
1973,10,0.037,-0.038,-0.033,-0.043
1973,11,-0.016,-0.038,-0.033,-0.043
1973,12,-0.028,-0.038,-0.033,-0.042
1974,1,-0.048,-0.037,-0.033,-0.042
1974,2,-0.019,-0.037,-0.033,-0.042
1974,3,-0.044,-0.037,-0.032,-0.042
1974,4,-0.044,-0.037,-0.032,-0.041
1974,5,-0.035,-0.037,-0.032,-0.041
1974,6,0.009,-0.036,-0.032,-0.041
1974,7,-0.026,-0.036,-0.031,-0.041
1974,8,-0.05,-0.036,-0.031,-0.041
1974,9,0,-0.036,-0.031,-0.04
1974,10,0.049,-0.036,-0.031,-0.04
1974,11,-0.052,-0.035,-0.031,-0.04
1974,12,-0.085,-0.035,-0.03,-0.04
1975,1,-0.084,-0.035,-0.03,-0.04
1975,2,0.023,-0.035,-0.03,-0.039
1975,3,0.005,-0.034,-0.03,-0.039
1975,4,-0.005,-0.034,-0.03,-0.039
1975,5,0.014,-0.034,-0.029,-0.039
1975,6,0.009,-0.034,-0.029,-0.039
1975,7,0.044,-0.034,-0.029,-0.038
1975,8,-0.004,-0.033,-0.029,-0.038
1975,9,-0.046,-0.033,-0.028,-0.038
1975,10,-0.116,-0.033,-0.028,-0.038
1975,11,-0.037,-0.033,-0.028,-0.038
1975,12,0.018,-0.033,-0.028,-0.037
1976,1,-0.105,-0.032,-0.028,-0.037
1976,2,-0.126,-0.032,-0.027,-0.037
1976,3,-0.077,-0.032,-0.027,-0.037
1976,4,-0.078,-0.032,-0.027,-0.037
1976,5,-0.08,-0.032,-0.027,-0.036
1976,6,-0.021,-0.031,-0.027,-0.036
1976,7,-0.075,-0.031,-0.026,-0.036
1976,8,-0.078,-0.031,-0.026,-0.036
1976,9,-0.089,-0.031,-0.026,-0.036
1976,10,-0.094,-0.031,-0.026,-0.035
1976,11,-0.101,-0.03,-0.026,-0.035
1976,12,-0.012,-0.03,-0.025,-0.035
1977,1,-0.081,-0.03,-0.025,-0.035
1977,2,-0.141,-0.03,-0.025,-0.035
1977,3,-0.074,-0.029,-0.025,-0.034
1977,4,-0.072,-0.029,-0.024,-0.034
1977,5,0.008,-0.029,-0.024,-0.034
1977,6,-0.04,-0.029,-0.024,-0.034
1977,7,-0.048,-0.029,-0.024,-0.033
1977,8,-0.032,-0.028,-0.024,-0.033
1977,9,-0.019,-0.028,-0.023,-0.033
1977,10,-0.119,-0.028,-0.023,-0.033
1977,11,-0.031,-0.028,-0.023,-0.033
1977,12,-0.028,-0.028,-0.023,-0.032
1978,1,-0.081,-0.027,-0.023,-0.032
1978,2,-0.022,-0.027,-0.022,-0.032
1978,3,-0.031,-0.027,-0.022,-0.032
1978,4,-0.069,-0.027,-0.022,-0.032
1978,5,-0.047,-0.027,-0.022,-0.031
1978,6,-0.003,-0.026,-0.021,-0.031
1978,7,-0.023,-0.026,-0.021,-0.031
1978,8,-0.053,-0.026,-0.021,-0.031
1978,9,-0.04,-0.026,-0.021,-0.031
1978,10,0.022,-0.026,-0.021,-0.03
1978,11,-0.016,-0.025,-0.02,-0.03
1978,12,-0.028,-0.025,-0.02,-0.03
1979,1,0.01,-0.025,-0.02,-0.03
1979,2,-0.074,-0.025,-0.02,-0.03
1979,3,-0.025,-0.024,-0.02,-0.029
1979,4,-0.056,-0.024,-0.019,-0.029
1979,5,-0.077,-0.024,-0.019,-0.029
1979,6,0,-0.024,-0.019,-0.029
1979,7,-0.036,-0.024,-0.019,-0.029
1979,8,-0.044,-0.023,-0.019,-0.028
1979,9,-0.003,-0.023,-0.018,-0.028
1979,10,-0.064,-0.023,-0.018,-0.028
1979,11,-0.074,-0.023,-0.018,-0.028
1979,12,-0.006,-0.023,-0.018,-0.028
1980,1,0.023,-0.022,-0.017,-0.027
1980,2,0.014,-0.022,-0.017,-0.027
1980,3,-0.062,-0.022,-0.017,-0.027
1980,4,-0.014,-0.022,-0.017,-0.027
1980,5,0.014,-0.022,-0.017,-0.027
1980,6,0.012,-0.021,-0.016,-0.026
1980,7,-0.014,-0.021,-0.016,-0.026
1980,8,-0.041,-0.021,-0.016,-0.026
1980,9,-0.043,-0.021,-0.016,-0.026
1980,10,-0.106,-0.021,-0.016,-0.026
1980,11,-0.016,-0.02,-0.015,-0.025
1980,12,-0.067,-0.02,-0.015,-0.025
1981,1,-0.045,-0.02,-0.015,-0.025
1981,2,-0.029,-0.02,-0.015,-0.025
1981,3,-0.022,-0.019,-0.014,-0.025
1981,4,-0.02,-0.019,-0.014,-0.024
1981,5,-0.013,-0.019,-0.014,-0.024
1981,6,-0.064,-0.019,-0.014,-0.024
1981,7,0.013,-0.019,-0.014,-0.024
1981,8,-0.029,-0.018,-0.013,-0.024
1981,9,-0.091,-0.018,-0.013,-0.023
1981,10,-0.076,-0.018,-0.013,-0.023
1981,11,0.015,-0.018,-0.013,-0.023
1981,12,-0.061,-0.018,-0.013,-0.023
1982,1,-0.081,-0.017,-0.012,-0.022
1982,2,-0.059,-0.017,-0.012,-0.022
1982,3,-0.001,-0.017,-0.012,-0.022
1982,4,-0.02,-0.017,-0.012,-0.022
1982,5,-0.029,-0.017,-0.011,-0.022
1982,6,-0.021,-0.016,-0.011,-0.021
1982,7,-0.039,-0.016,-0.011,-0.021
1982,8,-0.068,-0.016,-0.011,-0.021
1982,9,-0.019,-0.016,-0.011,-0.021
1982,10,0,-0.016,-0.01,-0.021
1982,11,0.024,-0.015,-0.01,-0.02
1982,12,0.027,-0.015,-0.01,-0.02
1983,1,0.053,-0.015,-0.01,-0.02
1983,2,0.048,-0.015,-0.01,-0.02
1983,3,0.048,-0.014,-0.009,-0.02
1983,4,-0.047,-0.014,-0.009,-0.019
1983,5,-0.083,-0.014,-0.009,-0.019
1983,6,-0.049,-0.014,-0.009,-0.019
1983,7,-0.014,-0.014,-0.008,-0.019
1983,8,-0.059,-0.013,-0.008,-0.019
1983,9,-0.074,-0.013,-0.008,-0.018
1983,10,-0.024,-0.013,-0.008,-0.018
1983,11,-0.017,-0.013,-0.008,-0.018
1983,12,-0.061,-0.013,-0.007,-0.018
1984,1,0.044,-0.012,-0.007,-0.018
1984,2,-0.007,-0.012,-0.007,-0.017
1984,3,0.011,-0.012,-0.007,-0.017
1984,4,-0.032,-0.012,-0.007,-0.017
1984,5,-0.09,-0.012,-0.006,-0.017
1984,6,-0.073,-0.011,-0.006,-0.017
1984,7,-0.115,-0.011,-0.006,-0.016
1984,8,-0.065,-0.011,-0.006,-0.016
1984,9,0.015,-0.011,-0.005,-0.016
1984,10,0.009,-0.011,-0.005,-0.016
1984,11,0.03,-0.01,-0.005,-0.016
1984,12,0.021,-0.01,-0.005,-0.015
1985,1,0.032,-0.01,-0.005,-0.015
1985,2,-0.025,-0.01,-0.004,-0.015
1985,3,-0.022,-0.009,-0.004,-0.015
1985,4,-0.084,-0.009,-0.004,-0.015
1985,5,-0.007,-0.009,-0.004,-0.014
1985,6,-0.012,-0.009,-0.004,-0.014
1985,7,-0.045,-0.009,-0.003,-0.014
1985,8,0.015,-0.008,-0.003,-0.014
1985,9,-0.043,-0.008,-0.003,-0.014
1985,10,0.022,-0.008,-0.003,-0.013
1985,11,-0.025,-0.008,-0.002,-0.013
1985,12,-0.021,-0.008,-0.002,-0.013
1986,1,-0.011,-0.007,-0.002,-0.013
1986,2,0.023,-0.007,-0.002,-0.013
1986,3,-0.038,-0.007,-0.002,-0.012
1986,4,0.059,-0.007,-0.001,-0.012
1986,5,0.106,-0.007,-0.001,-0.012
1986,6,0.052,-0.006,-0.001,-0.012
1986,7,-0.023,-0.006,-0.001,-0.012
1986,8,-0.044,-0.006,-0.001,-0.011
1986,9,0.03,-0.006,0,-0.011
1986,10,0.031,-0.006,0,-0.011
1986,11,-0.016,-0.005,0,-0.011
1986,12,0.04,-0.005,0,-0.011
1987,1,0.044,-0.005,0.001,-0.01
1987,2,0.011,-0.005,0.001,-0.01
1987,3,0.097,-0.004,0.001,-0.01
1987,4,-0.026,-0.004,0.001,-0.01
1987,5,-0.004,-0.004,0.001,-0.01
1987,6,-0.061,-0.004,0.002,-0.009
1987,7,-0.023,-0.004,0.002,-0.009
1987,8,-0.05,-0.003,0.002,-0.009
1987,9,-0.107,-0.003,0.002,-0.009
1987,10,-0.055,-0.003,0.002,-0.009
1987,11,0.042,-0.003,0.003,-0.008
1987,12,0.033,-0.003,0.003,-0.008
1988,1,0.016,-0.002,0.003,-0.008
1988,2,0.035,-0.002,0.003,-0.008
1988,3,-0.053,-0.002,0.004,-0.008
1988,4,-0.029,-0.002,0.004,-0.007
1988,5,-0.068,-0.002,0.004,-0.007
1988,6,-0.003,-0.001,0.004,-0.007
1988,7,-0.036,-0.001,0.004,-0.007
1988,8,-0.084,-0.001,0.005,-0.007
1988,9,-0.028,-0.001,0.005,-0.006
1988,10,-0.018,-0.001,0.005,-0.006
1988,11,-0.025,0,0.005,-0.006
1988,12,-0.031,0,0.006,-0.006
1989,1,-0.048,0,0.006,-0.005
1989,2,0.032,0,0.006,-0.005
1989,3,0.011,0.001,0.006,-0.005
1989,4,-0.066,0.001,0.006,-0.005
1989,5,-0.053,0.001,0.007,-0.005
1989,6,-0.037,0.001,0.007,-0.004
1989,7,0.004,0.001,0.007,-0.004
1989,8,0.006,0.002,0.007,-0.004
1989,9,-0.019,0.002,0.007,-0.004
1989,10,-0.064,0.002,0.008,-0.004
1989,11,-0.11,0.002,0.008,-0.003
1989,12,-0.177,0.002,0.008,-0.003
1990,1,-0.096,0.003,0.008,-0.003
1990,2,-0.096,0.003,0.009,-0.003
1990,3,0.033,0.003,0.009,-0.003
1990,4,0.023,0.003,0.009,-0.002
1990,5,0.008,0.003,0.009,-0.002
1990,6,-0.061,0.004,0.009,-0.002
1990,7,-0.026,0.004,0.01,-0.002
1990,8,0.012,0.004,0.01,-0.002
1990,9,-0.049,0.004,0.01,-0.001
1990,10,-0.03,0.004,0.01,-0.001
1990,11,0.012,0.005,0.01,-0.001
1990,12,-0.052,0.005,0.011,-0.001
1991,1,0.062,0.005,0.011,-0.001
1991,2,0.008,0.005,0.011,0
1991,3,0.023,0.006,0.011,0
1991,4,0.02,0.006,0.012,0
1991,5,0.002,0.006,0.012,0
1991,6,0.076,0.006,0.012,0
1991,7,0.044,0.006,0.012,0.001
1991,8,0.024,0.007,0.012,0.001
1991,9,0.07,0.007,0.013,0.001
1991,10,0.067,0.007,0.013,0.001
1991,11,0.069,0.007,0.013,0.001
1991,12,-0.021,0.007,0.013,0.002
1992,1,0.038,0.008,0.013,0.002
1992,2,0.005,0.008,0.014,0.002
1992,3,-0.01,0.008,0.014,0.002
1992,4,0.02,0.008,0.014,0.002
1992,5,0.005,0.008,0.014,0.003
1992,6,0.058,0.009,0.015,0.003
1992,7,0.025,0.009,0.015,0.003
1992,8,-0.007,0.009,0.015,0.003
1992,9,0.018,0.009,0.015,0.003
1992,10,0.079,0.009,0.015,0.004
1992,11,0.012,0.01,0.016,0.004
1992,12,0.006,0.01,0.016,0.004
1993,1,0.077,0.01,0.016,0.004
1993,2,0.09,0.01,0.016,0.004
1993,3,-0.047,0.011,0.017,0.005
1993,4,-0.011,0.011,0.017,0.005
1993,5,-0.001,0.011,0.017,0.005
1993,6,-0.012,0.011,0.017,0.005
1993,7,-0.005,0.011,0.017,0.005
1993,8,-0.026,0.012,0.018,0.006
1993,9,-0.022,0.012,0.018,0.006
1993,10,0.006,0.012,0.018,0.006
1993,11,0.033,0.012,0.018,0.006
1993,12,0.077,0.012,0.018,0.006
1994,1,-0.029,0.013,0.019,0.007
1994,2,0.029,0.013,0.019,0.007
1994,3,-0.013,0.013,0.019,0.007
1994,4,-0.015,0.013,0.019,0.007
1994,5,0.009,0.013,0.02,0.007
1994,6,0.006,0.014,0.02,0.008
1994,7,-0.022,0.014,0.02,0.008
1994,8,-0.001,0.014,0.02,0.008
1994,9,0.022,0.014,0.02,0.008
1994,10,0.016,0.014,0.021,0.008
1994,11,0.064,0.015,0.021,0.009
1994,12,0.105,0.015,0.021,0.009
1995,1,-0.003,0.015,0.021,0.009
1995,2,-0.082,0.015,0.021,0.009
1995,3,0.077,0.016,0.022,0.009
1995,4,0.08,0.016,0.022,0.01
1995,5,0.051,0.016,0.022,0.01
1995,6,-0.01,0.016,0.022,0.01
1995,7,0.041,0.016,0.023,0.01
1995,8,0.062,0.017,0.023,0.01
1995,9,0.111,0.017,0.023,0.011
1995,10,0.084,0.017,0.023,0.011
1995,11,0.004,0.017,0.023,0.011
1995,12,0.047,0.017,0.024,0.011
1996,1,0.013,0.018,0.024,0.011
1996,2,-0.068,0.018,0.024,0.012
1996,3,-0.06,0.018,0.024,0.012
1996,4,-0.002,0.018,0.025,0.012
1996,5,-0.034,0.018,0.025,0.012
1996,6,-0.089,0.019,0.025,0.012
1996,7,-0.054,0.019,0.025,0.013
1996,8,-0.075,0.019,0.025,0.013
1996,9,-0.111,0.019,0.026,0.013
1996,10,-0.032,0.019,0.026,0.013
1996,11,0.024,0.02,0.026,0.013
1996,12,-0.011,0.02,0.026,0.014
1997,1,0.011,0.02,0.026,0.014
1997,2,0.028,0.02,0.027,0.014
1997,3,0.034,0.021,0.027,0.014
1997,4,0.067,0.021,0.027,0.014
1997,5,0.01,0.021,0.027,0.015
1997,6,0.028,0.021,0.028,0.015
1997,7,0.005,0.021,0.028,0.015
1997,8,0.012,0.022,0.028,0.015
1997,9,-0.001,0.022,0.028,0.015
1997,10,-0.033,0.022,0.028,0.016
1997,11,-0.066,0.022,0.029,0.016
1997,12,-0.083,0.022,0.029,0.016
1998,1,-0.02,0.023,0.029,0.016
1998,2,0.038,0.023,0.029,0.016
1998,3,0.023,0.023,0.03,0.017
1998,4,-0.006,0.023,0.03,0.017
1998,5,0,0.023,0.03,0.017
1998,6,-0.015,0.024,0.03,0.017
1998,7,0.016,0.024,0.03,0.017
1998,8,0.018,0.024,0.031,0.018
1998,9,0.026,0.024,0.031,0.018
1998,10,-0.052,0.025,0.031,0.018
1998,11,-0.071,0.025,0.031,0.018
1998,12,-0.001,0.025,0.031,0.018
1999,1,0.055,0.025,0.032,0.019
1999,2,0.112,0.025,0.032,0.019
1999,3,0.01,0.026,0.032,0.019
1999,4,0.047,0.026,0.032,0.019
1999,5,0.016,0.026,0.033,0.019
1999,6,0.013,0.026,0.033,0.02
1999,7,0.039,0.026,0.033,0.02
1999,8,0.041,0.027,0.033,0.02
1999,9,0.116,0.027,0.033,0.02
1999,10,0.056,0.027,0.034,0.02
1999,11,0.064,0.027,0.034,0.021
1999,12,0.031,0.027,0.034,0.021
2000,1,0.025,0.028,0.034,0.021
2000,2,0.02,0.028,0.035,0.021
2000,3,0.006,0.028,0.035,0.021
2000,4,0.013,0.028,0.035,0.022
2000,5,-0.02,0.028,0.035,0.022
2000,6,0.058,0.029,0.035,0.022
2000,7,0.102,0.029,0.036,0.022
2000,8,0.059,0.029,0.036,0.022
2000,9,0.034,0.029,0.036,0.023
2000,10,0.054,0.03,0.036,0.023
2000,11,-0.022,0.03,0.036,0.023
2000,12,0.016,0.03,0.037,0.023
2001,1,-0.06,0.03,0.037,0.023
2001,2,-0.068,0.03,0.037,0.024
2001,3,-0.043,0.031,0.037,0.024
2001,4,-0.056,0.031,0.038,0.024
2001,5,0.04,0.031,0.038,0.024
2001,6,-0.089,0.031,0.038,0.024
2001,7,-0.003,0.031,0.038,0.025
2001,8,0.013,0.032,0.038,0.025
2001,9,-0.02,0.032,0.039,0.025
2001,10,0.041,0.032,0.039,0.025
2001,11,0.068,0.032,0.039,0.025
2001,12,0.047,0.032,0.039,0.026
2002,1,-0.032,0.033,0.04,0.026
2002,2,0.039,0.033,0.04,0.026
2002,3,0.002,0.033,0.04,0.026
2002,4,0.038,0.033,0.04,0.026
2002,5,0.026,0.033,0.04,0.027
2002,6,0.083,0.034,0.041,0.027
2002,7,0.017,0.034,0.041,0.027
2002,8,0.064,0.034,0.041,0.027
2002,9,0.05,0.034,0.041,0.027
2002,10,0.041,0.035,0.041,0.028
2002,11,-0.019,0.035,0.042,0.028
2002,12,-0.02,0.035,0.042,0.028
2003,1,-0.053,0.035,0.042,0.028
2003,2,-0.081,0.035,0.042,0.028
2003,3,-0.002,0.036,0.043,0.029
2003,4,0.051,0.036,0.043,0.029
2003,5,-0.005,0.036,0.043,0.029
2003,6,-0.017,0.036,0.043,0.029
2003,7,0.002,0.036,0.043,0.029
2003,8,0.02,0.037,0.044,0.03
2003,9,0.042,0.037,0.044,0.03
2003,10,-0.014,0.037,0.044,0.03
2003,11,0.033,0.037,0.044,0.03
2003,12,0.025,0.037,0.045,0.03
2004,1,0.042,0.038,0.045,0.031
2004,2,0.043,0.038,0.045,0.031
2004,3,0.059,0.038,0.045,0.031
2004,4,-0.006,0.038,0.045,0.031
2004,5,-0.019,0.038,0.046,0.031
2004,6,-0.004,0.039,0.046,0.032
2004,7,-0.039,0.039,0.046,0.032
2004,8,-0.021,0.039,0.046,0.032
2004,9,0.015,0.039,0.046,0.032
2004,10,0.011,0.04,0.047,0.032
2004,11,0.036,0.04,0.047,0.033
2004,12,-0.036,0.04,0.047,0.033
2005,1,0.06,0.04,0.047,0.033
2005,2,0.098,0.04,0.048,0.033
2005,3,0.007,0.041,0.048,0.033
2005,4,0.041,0.041,0.048,0.034
2005,5,0.042,0.041,0.048,0.034
2005,6,0.058,0.041,0.048,0.034
2005,7,0.057,0.041,0.049,0.034
2005,8,0.031,0.042,0.049,0.034
2005,9,0.061,0.042,0.049,0.035
2005,10,0.046,0.042,0.049,0.035
2005,11,-0.038,0.042,0.05,0.035
2005,12,-0.056,0.042,0.05,0.035
2006,1,-0.022,0.043,0.05,0.035
2006,2,-0.044,0.043,0.05,0.036
2006,3,0.023,0.043,0.05,0.036
2006,4,0.062,0.043,0.051,0.036
2006,5,0.074,0.043,0.051,0.036
2006,6,0.004,0.044,0.051,0.036
2006,7,-0.031,0.044,0.051,0.036
2006,8,0.032,0.044,0.052,0.037
2006,9,0.008,0.044,0.052,0.037
2006,10,0.041,0.045,0.052,0.037
2006,11,0.008,0.045,0.052,0.037
2006,12,0.035,0.045,0.052,0.037
2007,1,0.053,0.045,0.053,0.038
2007,2,-0.009,0.045,0.053,0.038
2007,3,0.038,0.046,0.053,0.038
2007,4,0.025,0.046,0.053,0.038
2007,5,0.161,0.046,0.053,0.038
2007,6,0.082,0.046,0.054,0.039
2007,7,0.051,0.046,0.054,0.039
2007,8,0.032,0.047,0.054,0.039
2007,9,0.055,0.047,0.054,0.039
2007,10,0.077,0.047,0.055,0.039
2007,11,0.039,0.047,0.055,0.04
2007,12,-0.023,0.047,0.055,0.04
2008,1,0.053,0.048,0.055,0.04
2008,2,-0.02,0.048,0.055,0.04
2008,3,-0.046,0.048,0.056,0.04
2008,4,0.08,0.048,0.056,0.041
2008,5,0.041,0.048,0.056,0.041
2008,6,0.011,0.049,0.056,0.041
2008,7,0.116,0.049,0.057,0.041
2008,8,0.105,0.049,0.057,0.041
2008,9,0.196,0.049,0.057,0.042
2008,10,0.082,0.05,0.057,0.042
2008,11,0.034,0.05,0.057,0.042
2008,12,-0.028,0.05,0.058,0.042
2009,1,-0.089,0.05,0.058,0.042
2009,2,-0.067,0.05,0.058,0.043
2009,3,0.049,0.051,0.058,0.043
2009,4,0.01,0.051,0.058,0.043
2009,5,0.037,0.051,0.059,0.043
2009,6,0.056,0.051,0.059,0.043
2009,7,0.001,0.051,0.059,0.044
2009,8,0.084,0.052,0.059,0.044
2009,9,0.157,0.052,0.06,0.044
2009,10,0.068,0.052,0.06,0.044
2009,11,0.111,0.052,0.06,0.044
2009,12,0.111,0.052,0.06,0.045
2010,1,0.049,0.053,0.06,0.045
2010,2,0.064,0.053,0.061,0.045
2010,3,-0.014,0.053,0.061,0.045
2010,4,0.01,0.053,0.061,0.045
2010,5,0.005,0.053,0.061,0.046
2010,6,0.061,0.054,0.062,0.046
2010,7,0.055,0.054,0.062,0.046
2010,8,0.066,0.054,0.062,0.046
2010,9,0.125,0.054,0.062,0.046
2010,10,0.016,0.055,0.062,0.047
2010,11,0.025,0.055,0.063,0.047
2010,12,0.003,0.055,0.063,0.047
2011,1,-0.031,0.055,0.063,0.047
2011,2,-0.061,0.055,0.063,0.047
2011,3,-0.022,0.056,0.064,0.048
2011,4,-0.004,0.056,0.064,0.048
2011,5,0.008,0.056,0.064,0.048
2011,6,0.077,0.056,0.064,0.048
2011,7,0.08,0.056,0.064,0.048
2011,8,0.101,0.057,0.065,0.049
2011,9,0.06,0.057,0.065,0.049
2011,10,0.038,0.057,0.065,0.049
2011,11,0.073,0.057,0.065,0.049
2011,12,0.075,0.057,0.065,0.049
2012,1,0.022,0.058,0.066,0.05
2012,2,0.105,0.058,0.066,0.05
2012,3,0.105,0.058,0.066,0.05
2012,4,0.088,0.058,0.066,0.05
2012,5,0.096,0.058,0.067,0.05
2012,6,0.13,0.059,0.067,0.051
2012,7,0.08,0.059,0.067,0.051
2012,8,0.063,0.059,0.067,0.051
2012,9,-0.036,0.059,0.067,0.051
2012,10,0.017,0.06,0.068,0.051
2012,11,0.145,0.06,0.068,0.052
2012,12,0.123,0.06,0.068,0.052
2013,1,0.1,0.06,0.068,0.052
2013,2,0.096,0.06,0.069,0.052
2013,3,0.103,0.061,0.069,0.052
2013,4,0.057,0.061,0.069,0.053
2013,5,0.076,0.061,0.069,0.053
2013,6,0.053,0.061,0.069,0.053
2013,7,0.105,0.061,0.07,0.053
2013,8,0.077,0.062,0.07,0.053
2013,9,0.082,0.062,0.07,0.054
2013,10,0.089,0.062,0.07,0.054
2013,11,0.113,0.062,0.07,0.054
2013,12,0.109,0.062,0.071,0.054
2014,1,0.107,0.063,0.071,0.054
2014,2,0.13,0.063,0.071,0.055
2014,3,0.08,0.063,0.071,0.055
2014,4,0.074,0.063,0.072,0.055
2014,5,0.116,0.063,0.072,0.055
2014,6,0.05,0.064,0.072,0.055
2014,7,0.086,0.064,0.072,0.056
2014,8,0.125,0.064,0.072,0.056
2014,9,0.093,0.064,0.073,0.056
2014,10,0.077,0.065,0.073,0.056
2014,11,0.107,0.065,0.073,0.056
2015,2,0.136,0.065,0.074,0.057
2015,3,0.062,0.066,0.074,0.057
2015,4,0.096,0.066,0.074,0.057
2015,5,0.11,0.066,0.074,0.058
2015,6,0.059,0.066,0.075,0.058
2015,7,0.085,0.066,0.075,0.058
2015,8,0.133,0.067,0.075,0.058
2015,9,0.128,0.067,0.075,0.058
2015,10,0.204,0.067,0.076,0.059
2015,11,0.127,0.067,0.076,0.059
2015,12,0.176,0.067,0.076,0.059
2016,1,0.191,0.068,0.076,0.059
2016,2,0.162,0.068,0.076,0.059
2016,3,0.112,0.068,0.077,0.06
2016,4,0.144,0.068,0.077,0.06
2016,5,0.112,0.068,0.077,0.06
2016,6,0.052,0.069,0.077,0.06
2016,7,0.056,0.069,0.077,0.06
2016,8,0.086,0.069,0.078,0.061
2016,9,0.034,0.069,0.078,0.061
2016,10,0.146,0.07,0.078,0.061
2016,11,0.154,0.07,0.078,0.061
2016,12,0.105,0.07,0.079,0.061
2017,1,0.122,0.07,0.079,0.062
2017,2,0.069,0.07,0.079,0.062
2017,3,0.093,0.071,0.079,0.062
2017,4,0.16,0.071,0.079,0.062
2017,5,0.079,0.071,0.08,0.062
2017,6,0.116,0.071,0.08,0.062
2017,7,0.126,0.071,0.08,0.063
2017,8,0.057,0.072,0.08,0.063
2017,9,0.128,0.072,0.081,0.063
2017,10,0.141,0.072,0.081,0.063
2017,11,0.101,0.072,0.081,0.063
2017,12,0.107,0.072,0.081,0.064
2018,1,0.079,0.073,0.081,0.064
2018,2,0.039,0.073,0.082,0.064
2018,3,0.161,0.073,0.082,0.064
2018,4,0.084,0.073,0.082,0.064
2018,5,0.007,0.073,0.082,0.065
2018,6,0.031,0.074,0.083,0.065
2018,7,0.079,0.074,0.083,0.065
2018,8,0.06,0.074,0.083,0.065
2018,9,0.058,0.074,0.083,0.065
2018,10,0.029,0.075,0.083,0.066
2018,11,0.054,0.075,0.084,0.066
2018,12,0.126,0.075,0.084,0.066
2019,1,0.106,0.075,0.084,0.066
2019,2,0.13,0.075,0.084,0.066
2019,3,0.193,0.076,0.085,0.067
2019,4,0.127,0.076,0.085,0.067
2019,5,0.089,0.076,0.085,0.067
2019,6,0.142,0.076,0.085,0.067
2019,7,0.162,0.076,0.085,0.067
2019,8,0.141,0.077,0.086,0.068
2019,9,0.18,0.077,0.086,0.068
2019,10,0.235,0.077,0.086,0.068
2019,11,0.203,0.077,0.086,0.068
2019,12,0.147,0.077,0.086,0.068
2020,1,0.133,0.078,0.087,0.069
2020,2,0.102,0.078,0.087,0.069
2020,3,0.096,0.078,0.087,0.069
2020,4,0.141,0.078,0.087,0.069
2020,5,0.123,0.078,0.088,0.069
2020,6,0.162,0.079,0.088,0.07
2020,7,0.139,0.079,0.088,0.07
2020,8,0.154,0.079,0.088,0.07
2020,9,0.201,0.079,0.088,0.07
2020,10,0.193,0.08,0.089,0.07
2020,11,0.188,0.08,0.089,0.071
2020,12,0.094,0.08,0.089,0.071
2021,1,0.087,0.08,0.089,0.071
2021,2,0.115,0.08,0.09,0.071
2021,3,0.145,0.081,0.09,0.071
2021,4,0.145,0.081,0.09,0.072
